SETPOINT,ALPHA,BETA,TAS,HOOP_ALPHA,HOOP_BETA,FLT_OMEGA,MT_OMEGA,DWELL_TIME,MAX_TRAVERSE_TIME
1,0,-90,0,0,0,0,0,10,6
2,0,-75,0,0,0,0,0,10,6
3,0,-60,0,0,0,0,0,10,6
4,0,-45,0,0,0,0,0,10,6
5,0,-30,0,0,0,0,0,10,6
6,0,-15,0,0,0,0,0,10,6
7,0,0,0,0,0,0,0,10,6
8,0,15,0,0,0,0,0,10,6
9,0,30,0,0,0,0,0,10,6
10,0,45,0,0,0,0,0,10,6
11,0,60,0,0,0,0,0,10,6
12,0,75,0,0,0,0,0,10,6
13,0,90,0,0,0,0,0,10,6
14,-135,-45,12,0,-30,0,0,10,6
15,-135,-45,12,0,-20,0,0,10,6
16,-135,-45,12,0,-10,0,0,10,6
17,-135,-45,12,0,0,0,0,10,6
18,-135,-45,12,0,10,0,0,10,6
19,-135,-45,12,0,20,0,0,10,6
20,-135,-45,12,0,30,0,0,10,6
21,-135,0,12,0,-30,0,0,10,6
22,-135,0,12,0,-20,0,0,10,6
23,-135,0,12,0,-10,0,0,10,6
24,-135,0,12,0,0,0,0,10,6
25,-135,0,12,0,10,0,0,10,6
26,-135,0,12,0,20,0,0,10,6
27,-135,0,12,0,30,0,0,10,6
28,-135,45,12,0,-30,0,0,10,6
29,-135,45,12,0,-20,0,0,10,6
30,-135,45,12,0,-10,0,0,10,6
31,-135,45,12,0,0,0,0,10,6
32,-135,45,12,0,10,0,0,10,6
33,-135,45,12,0,20,0,0,10,6
34,-135,45,12,0,30,0,0,10,6
35,-90,-30,12,0,-30,0,0,10,6
36,-90,-30,12,0,-20,0,0,10,6
37,-90,-30,12,0,-10,0,0,10,6
38,-90,-30,12,0,0,0,0,10,6
39,-90,-30,12,0,10,0,0,10,6
40,-90,-30,12,0,20,0,0,10,6
41,-90,-30,12,0,30,0,0,10,6
42,-90,0,12,0,-30,0,0,10,6
43,-90,0,12,0,-20,0,0,10,6
44,-90,0,12,0,-10,0,0,10,6
45,-90,0,12,0,0,0,0,10,6
46,-90,0,12,0,10,0,0,10,6
47,-90,0,12,0,20,0,0,10,6
48,-90,0,12,0,30,0,0,10,6
49,-90,30,12,0,-30,0,0,10,6
50,-90,30,12,0,-20,0,0,10,6
51,-90,30,12,0,-10,0,0,10,6
52,-90,30,12,0,0,0,0,10,6
53,-90,30,12,0,10,0,0,10,6
54,-90,30,12,0,20,0,0,10,6
55,-90,30,12,0,30,0,0,10,6
56,-75,0,12,0,-30,0,0,10,6
57,-75,0,12,0,-20,0,0,10,6
58,-75,0,12,0,-10,0,0,10,6
59,-75,0,12,0,0,0,0,10,6
60,-75,0,12,0,10,0,0,10,6
61,-75,0,12,0,20,0,0,10,6
62,-75,0,12,0,30,0,0,10,6
63,-60,-90,12,0,-30,0,0,10,6
64,-60,-90,12,0,-20,0,0,10,6
65,-60,-90,12,0,-10,0,0,10,6
66,-60,-90,12,0,0,0,0,10,6
67,-60,-90,12,0,10,0,0,10,6
68,-60,-90,12,0,20,0,0,10,6
69,-60,-90,12,0,30,0,0,10,6
70,-60,-45,12,0,-30,0,0,10,6
71,-60,-45,12,0,-20,0,0,10,6
72,-60,-45,12,0,-10,0,0,10,6
73,-60,-45,12,0,0,0,0,10,6
74,-60,-45,12,0,10,0,0,10,6
75,-60,-45,12,0,20,0,0,10,6
76,-60,-45,12,0,30,0,0,10,6
77,-60,0,12,0,-30,0,0,10,6
78,-60,0,12,0,-20,0,0,10,6
79,-60,0,12,0,-10,0,0,10,6
80,-60,0,12,0,0,0,0,10,6
81,-60,0,12,0,10,0,0,10,6
82,-60,0,12,0,20,0,0,10,6
83,-60,0,12,0,30,0,0,10,6
84,-60,45,12,0,-30,0,0,10,6
85,-60,45,12,0,-20,0,0,10,6
86,-60,45,12,0,-10,0,0,10,6
87,-60,45,12,0,0,0,0,10,6
88,-60,45,12,0,10,0,0,10,6
89,-60,45,12,0,20,0,0,10,6
90,-60,45,12,0,30,0,0,10,6
91,-60,90,12,0,-30,0,0,10,6
92,-60,90,12,0,-20,0,0,10,6
93,-60,90,12,0,-10,0,0,10,6
94,-60,90,12,0,0,0,0,10,6
95,-60,90,12,0,10,0,0,10,6
96,-60,90,12,0,20,0,0,10,6
97,-60,90,12,0,30,0,0,10,6
98,-45,0,12,0,-30,0,0,10,6
99,-45,0,12,0,-20,0,0,10,6
100,-45,0,12,0,-10,0,0,10,6
101,-45,0,12,0,0,0,0,10,6
102,-45,0,12,0,10,0,0,10,6
103,-45,0,12,0,20,0,0,10,6
104,-45,0,12,0,30,0,0,10,6
105,-30,-90,12,0,-30,0,0,10,6
106,-30,-90,12,0,-20,0,0,10,6
107,-30,-90,12,0,-10,0,0,10,6
108,-30,-90,12,0,0,0,0,10,6
109,-30,-90,12,0,10,0,0,10,6
110,-30,-90,12,0,20,0,0,10,6
111,-30,-90,12,0,30,0,0,10,6
112,-30,-60,12,0,-30,0,0,10,6
113,-30,-60,12,0,-20,0,0,10,6
114,-30,-60,12,0,-10,0,0,10,6
115,-30,-60,12,0,0,0,0,10,6
116,-30,-60,12,0,10,0,0,10,6
117,-30,-60,12,0,20,0,0,10,6
118,-30,-60,12,0,30,0,0,10,6
119,-30,-30,12,0,-30,0,0,10,6
120,-30,-30,12,0,-20,0,0,10,6
121,-30,-30,12,0,-10,0,0,10,6
122,-30,-30,12,0,0,0,0,10,6
123,-30,-30,12,0,10,0,0,10,6
124,-30,-30,12,0,20,0,0,10,6
125,-30,-30,12,0,30,0,0,10,6
126,-30,0,12,0,-30,0,0,10,6
127,-30,0,12,0,-20,0,0,10,6
128,-30,0,12,0,-10,0,0,10,6
129,-30,0,12,0,0,0,0,10,6
130,-30,0,12,0,10,0,0,10,6
131,-30,0,12,0,20,0,0,10,6
132,-30,0,12,0,30,0,0,10,6
133,-30,30,12,0,-30,0,0,10,6
134,-30,30,12,0,-20,0,0,10,6
135,-30,30,12,0,-10,0,0,10,6
136,-30,30,12,0,0,0,0,10,6
137,-30,30,12,0,10,0,0,10,6
138,-30,30,12,0,20,0,0,10,6
139,-30,30,12,0,30,0,0,10,6
140,-30,60,12,0,-30,0,0,10,6
141,-30,60,12,0,-20,0,0,10,6
142,-30,60,12,0,-10,0,0,10,6
143,-30,60,12,0,0,0,0,10,6
144,-30,60,12,0,10,0,0,10,6
145,-30,60,12,0,20,0,0,10,6
146,-30,60,12,0,30,0,0,10,6
147,-30,90,12,0,-30,0,0,10,6
148,-30,90,12,0,-20,0,0,10,6
149,-30,90,12,0,-10,0,0,10,6
150,-30,90,12,0,0,0,0,10,6
151,-30,90,12,0,10,0,0,10,6
152,-30,90,12,0,20,0,0,10,6
153,-30,90,12,0,30,0,0,10,6
154,-15,-45,12,0,-30,0,0,10,6
155,-15,-45,12,0,-20,0,0,10,6
156,-15,-45,12,0,-10,0,0,10,6
157,-15,-45,12,0,0,0,0,10,6
158,-15,-45,12,0,10,0,0,10,6
159,-15,-45,12,0,20,0,0,10,6
160,-15,-45,12,0,30,0,0,10,6
161,-15,0,12,0,-30,0,0,10,6
162,-15,0,12,0,-20,0,0,10,6
163,-15,0,12,0,-10,0,0,10,6
164,-15,0,12,0,0,0,0,10,6
165,-15,0,12,0,10,0,0,10,6
166,-15,0,12,0,20,0,0,10,6
167,-15,0,12,0,30,0,0,10,6
168,-15,45,12,0,-30,0,0,10,6
169,-15,45,12,0,-20,0,0,10,6
170,-15,45,12,0,-10,0,0,10,6
171,-15,45,12,0,0,0,0,10,6
172,-15,45,12,0,10,0,0,10,6
173,-15,45,12,0,20,0,0,10,6
174,-15,45,12,0,30,0,0,10,6
175,0,-90,12,0,-30,0,0,10,6
176,0,-90,12,0,-20,0,0,10,6
177,0,-90,12,0,-10,0,0,10,6
178,0,-90,12,0,0,0,0,10,6
179,0,-90,12,0,10,0,0,10,6
180,0,-90,12,0,20,0,0,10,6
181,0,-90,12,0,30,0,0,10,6
182,0,-60,12,0,-30,0,0,10,6
183,0,-60,12,0,-20,0,0,10,6
184,0,-60,12,0,-10,0,0,10,6
185,0,-60,12,0,0,0,0,10,6
186,0,-60,12,0,10,0,0,10,6
187,0,-60,12,0,20,0,0,10,6
188,0,-60,12,0,30,0,0,10,6
189,0,-45,12,0,-30,0,0,10,6
190,0,-45,12,0,-20,0,0,10,6
191,0,-45,12,0,-10,0,0,10,6
192,0,-45,12,0,0,0,0,10,6
193,0,-45,12,0,10,0,0,10,6
194,0,-45,12,0,20,0,0,10,6
195,0,-45,12,0,30,0,0,10,6
196,0,-30,12,0,-30,0,0,10,6
197,0,-30,12,0,-20,0,0,10,6
198,0,-30,12,0,-10,0,0,10,6
199,0,-30,12,0,0,0,0,10,6
200,0,-30,12,0,10,0,0,10,6
201,0,-30,12,0,20,0,0,10,6
202,0,-30,12,0,30,0,0,10,6
203,0,-15,12,0,-30,0,0,10,6
204,0,-15,12,0,-20,0,0,10,6
205,0,-15,12,0,-10,0,0,10,6
206,0,-15,12,0,0,0,0,10,6
207,0,-15,12,0,10,0,0,10,6
208,0,-15,12,0,20,0,0,10,6
209,0,-15,12,0,30,0,0,10,6
210,0,0,12,0,-30,0,0,10,6
211,0,0,12,0,-20,0,0,10,6
212,0,0,12,0,-10,0,0,10,6
213,0,0,12,0,0,0,0,10,6
214,0,0,12,0,10,0,0,10,6
215,0,0,12,0,20,0,0,10,6
216,0,0,12,0,30,0,0,10,6
217,0,15,12,0,-30,0,0,10,6
218,0,15,12,0,-20,0,0,10,6
219,0,15,12,0,-10,0,0,10,6
220,0,15,12,0,0,0,0,10,6
221,0,15,12,0,10,0,0,10,6
222,0,15,12,0,20,0,0,10,6
223,0,15,12,0,30,0,0,10,6
224,0,30,12,0,-30,0,0,10,6
225,0,30,12,0,-20,0,0,10,6
226,0,30,12,0,-10,0,0,10,6
227,0,30,12,0,0,0,0,10,6
228,0,30,12,0,10,0,0,10,6
229,0,30,12,0,20,0,0,10,6
230,0,30,12,0,30,0,0,10,6
231,0,45,12,0,-30,0,0,10,6
232,0,45,12,0,-20,0,0,10,6
233,0,45,12,0,-10,0,0,10,6
234,0,45,12,0,0,0,0,10,6
235,0,45,12,0,10,0,0,10,6
236,0,45,12,0,20,0,0,10,6
237,0,45,12,0,30,0,0,10,6
238,0,60,12,0,-30,0,0,10,6
239,0,60,12,0,-20,0,0,10,6
240,0,60,12,0,-10,0,0,10,6
241,0,60,12,0,0,0,0,10,6
242,0,60,12,0,10,0,0,10,6
243,0,60,12,0,20,0,0,10,6
244,0,60,12,0,30,0,0,10,6
245,0,90,12,0,-30,0,0,10,6
246,0,90,12,0,-20,0,0,10,6
247,0,90,12,0,-10,0,0,10,6
248,0,90,12,0,0,0,0,10,6
249,0,90,12,0,10,0,0,10,6
250,0,90,12,0,20,0,0,10,6
251,0,90,12,0,30,0,0,10,6
252,15,-45,12,0,-30,0,0,10,6
253,15,-45,12,0,-20,0,0,10,6
254,15,-45,12,0,-10,0,0,10,6
255,15,-45,12,0,0,0,0,10,6
256,15,-45,12,0,10,0,0,10,6
257,15,-45,12,0,20,0,0,10,6
258,15,-45,12,0,30,0,0,10,6
259,15,0,12,0,-30,0,0,10,6
260,15,0,12,0,-20,0,0,10,6
261,15,0,12,0,-10,0,0,10,6
262,15,0,12,0,0,0,0,10,6
263,15,0,12,0,10,0,0,10,6
264,15,0,12,0,20,0,0,10,6
265,15,0,12,0,30,0,0,10,6
266,15,45,12,0,-30,0,0,10,6
267,15,45,12,0,-20,0,0,10,6
268,15,45,12,0,-10,0,0,10,6
269,15,45,12,0,0,0,0,10,6
270,15,45,12,0,10,0,0,10,6
271,15,45,12,0,20,0,0,10,6
272,15,45,12,0,30,0,0,10,6
273,30,-90,12,0,-30,0,0,10,6
274,30,-90,12,0,-20,0,0,10,6
275,30,-90,12,0,-10,0,0,10,6
276,30,-90,12,0,0,0,0,10,6
277,30,-90,12,0,10,0,0,10,6
278,30,-90,12,0,20,0,0,10,6
279,30,-90,12,0,30,0,0,10,6
280,30,-60,12,0,-30,0,0,10,6
281,30,-60,12,0,-20,0,0,10,6
282,30,-60,12,0,-10,0,0,10,6
283,30,-60,12,0,0,0,0,10,6
284,30,-60,12,0,10,0,0,10,6
285,30,-60,12,0,20,0,0,10,6
286,30,-60,12,0,30,0,0,10,6
287,30,-30,12,0,-30,0,0,10,6
288,30,-30,12,0,-20,0,0,10,6
289,30,-30,12,0,-10,0,0,10,6
290,30,-30,12,0,0,0,0,10,6
291,30,-30,12,0,10,0,0,10,6
292,30,-30,12,0,20,0,0,10,6
293,30,-30,12,0,30,0,0,10,6
294,30,0,12,0,-30,0,0,10,6
295,30,0,12,0,-20,0,0,10,6
296,30,0,12,0,-10,0,0,10,6
297,30,0,12,0,0,0,0,10,6
298,30,0,12,0,10,0,0,10,6
299,30,0,12,0,20,0,0,10,6
300,30,0,12,0,30,0,0,10,6
301,0,-90,0,0,0,0,0,10,6
302,0,-75,0,0,0,0,0,10,6
303,0,-60,0,0,0,0,0,10,6
304,0,-45,0,0,0,0,0,10,6
305,0,-30,0,0,0,0,0,10,6
306,0,-15,0,0,0,0,0,10,6
307,0,0,0,0,0,0,0,10,6
308,0,15,0,0,0,0,0,10,6
309,0,30,0,0,0,0,0,10,6
310,0,45,0,0,0,0,0,10,6
311,0,60,0,0,0,0,0,10,6
312,0,75,0,0,0,0,0,10,6
313,0,90,0,0,0,0,0,10,6
314,30,30,12,0,-30,0,0,10,6
315,30,30,12,0,-20,0,0,10,6
316,30,30,12,0,-10,0,0,10,6
317,30,30,12,0,0,0,0,10,6
318,30,30,12,0,10,0,0,10,6
319,30,30,12,0,20,0,0,10,6
320,30,30,12,0,30,0,0,10,6
321,30,60,12,0,-30,0,0,10,6
322,30,60,12,0,-20,0,0,10,6
323,30,60,12,0,-10,0,0,10,6
324,30,60,12,0,0,0,0,10,6
325,30,60,12,0,10,0,0,10,6
326,30,60,12,0,20,0,0,10,6
327,30,60,12,0,30,0,0,10,6
328,30,90,12,0,-30,0,0,10,6
329,30,90,12,0,-20,0,0,10,6
330,30,90,12,0,-10,0,0,10,6
331,30,90,12,0,0,0,0,10,6
332,30,90,12,0,10,0,0,10,6
333,30,90,12,0,20,0,0,10,6
334,30,90,12,0,30,0,0,10,6
335,45,0,12,0,-30,0,0,10,6
336,45,0,12,0,-20,0,0,10,6
337,45,0,12,0,-10,0,0,10,6
338,45,0,12,0,0,0,0,10,6
339,45,0,12,0,10,0,0,10,6
340,45,0,12,0,20,0,0,10,6
341,45,0,12,0,30,0,0,10,6
342,60,-90,12,0,-30,0,0,10,6
343,60,-90,12,0,-20,0,0,10,6
344,60,-90,12,0,-10,0,0,10,6
345,60,-90,12,0,0,0,0,10,6
346,60,-90,12,0,10,0,0,10,6
347,60,-90,12,0,20,0,0,10,6
348,60,-90,12,0,30,0,0,10,6
349,60,-45,12,0,-30,0,0,10,6
350,60,-45,12,0,-20,0,0,10,6
351,60,-45,12,0,-10,0,0,10,6
352,60,-45,12,0,0,0,0,10,6
353,60,-45,12,0,10,0,0,10,6
354,60,-45,12,0,20,0,0,10,6
355,60,-45,12,0,30,0,0,10,6
356,60,0,12,0,-30,0,0,10,6
357,60,0,12,0,-20,0,0,10,6
358,60,0,12,0,-10,0,0,10,6
359,60,0,12,0,0,0,0,10,6
360,60,0,12,0,10,0,0,10,6
361,60,0,12,0,20,0,0,10,6
362,60,0,12,0,30,0,0,10,6
363,60,45,12,0,-30,0,0,10,6
364,60,45,12,0,-20,0,0,10,6
365,60,45,12,0,-10,0,0,10,6
366,60,45,12,0,0,0,0,10,6
367,60,45,12,0,10,0,0,10,6
368,60,45,12,0,20,0,0,10,6
369,60,45,12,0,30,0,0,10,6
370,60,90,12,0,-30,0,0,10,6
371,60,90,12,0,-20,0,0,10,6
372,60,90,12,0,-10,0,0,10,6
373,60,90,12,0,0,0,0,10,6
374,60,90,12,0,10,0,0,10,6
375,60,90,12,0,20,0,0,10,6
376,60,90,12,0,30,0,0,10,6
377,75,0,12,0,-30,0,0,10,6
378,75,0,12,0,-20,0,0,10,6
379,75,0,12,0,-10,0,0,10,6
380,75,0,12,0,0,0,0,10,6
381,75,0,12,0,10,0,0,10,6
382,75,0,12,0,20,0,0,10,6
383,75,0,12,0,30,0,0,10,6
384,90,-30,12,0,-30,0,0,10,6
385,90,-30,12,0,-20,0,0,10,6
386,90,-30,12,0,-10,0,0,10,6
387,90,-30,12,0,0,0,0,10,6
388,90,-30,12,0,10,0,0,10,6
389,90,-30,12,0,20,0,0,10,6
390,90,-30,12,0,30,0,0,10,6
391,90,0,12,0,-30,0,0,10,6
392,90,0,12,0,-20,0,0,10,6
393,90,0,12,0,-10,0,0,10,6
394,90,0,12,0,0,0,0,10,6
395,90,0,12,0,10,0,0,10,6
396,90,0,12,0,20,0,0,10,6
397,90,0,12,0,30,0,0,10,6
398,90,30,12,0,-30,0,0,10,6
399,90,30,12,0,-20,0,0,10,6
400,90,30,12,0,-10,0,0,10,6
401,90,30,12,0,0,0,0,10,6
402,90,30,12,0,10,0,0,10,6
403,90,30,12,0,20,0,0,10,6
404,90,30,12,0,30,0,0,10,6
405,135,-45,12,0,-30,0,0,10,6
406,135,-45,12,0,-20,0,0,10,6
407,135,-45,12,0,-10,0,0,10,6
408,135,-45,12,0,0,0,0,10,6
409,135,-45,12,0,10,0,0,10,6
410,135,-45,12,0,20,0,0,10,6
411,135,-45,12,0,30,0,0,10,6
412,135,0,12,0,-30,0,0,10,6
413,135,0,12,0,-20,0,0,10,6
414,135,0,12,0,-10,0,0,10,6
415,135,0,12,0,0,0,0,10,6
416,135,0,12,0,10,0,0,10,6
417,135,0,12,0,20,0,0,10,6
418,135,0,12,0,30,0,0,10,6
419,135,45,12,0,-30,0,0,10,6
420,135,45,12,0,-20,0,0,10,6
421,135,45,12,0,-10,0,0,10,6
422,135,45,12,0,0,0,0,10,6
423,135,45,12,0,10,0,0,10,6
424,135,45,12,0,20,0,0,10,6
425,135,45,12,0,30,0,0,10,6
426,180,-45,12,0,-30,0,0,10,6
427,180,-45,12,0,-20,0,0,10,6
428,180,-45,12,0,-10,0,0,10,6
429,180,-45,12,0,0,0,0,10,6
430,180,-45,12,0,10,0,0,10,6
431,180,-45,12,0,20,0,0,10,6
432,180,-45,12,0,30,0,0,10,6
433,180,0,12,0,-30,0,0,10,6
434,180,0,12,0,-20,0,0,10,6
435,180,0,12,0,-10,0,0,10,6
436,180,0,12,0,0,0,0,10,6
437,180,0,12,0,10,0,0,10,6
438,180,0,12,0,20,0,0,10,6
439,180,0,12,0,30,0,0,10,6
440,180,45,12,0,-30,0,0,10,6
441,180,45,12,0,-20,0,0,10,6
442,180,45,12,0,-10,0,0,10,6
443,180,45,12,0,0,0,0,10,6
444,180,45,12,0,10,0,0,10,6
445,180,45,12,0,20,0,0,10,6
446,180,45,12,0,30,0,0,10,6
447,-150,-30,18,0,-30,0,0,10,6
448,-150,-30,18,0,-20,0,0,10,6
449,-150,-30,18,0,-10,0,0,10,6
450,-150,-30,18,0,0,0,0,10,6
451,-150,-30,18,0,10,0,0,10,6
452,-150,-30,18,0,20,0,0,10,6
453,-150,-30,18,0,30,0,0,10,6
454,-150,30,18,0,-30,0,0,10,6
455,-150,30,18,0,-20,0,0,10,6
456,-150,30,18,0,-10,0,0,10,6
457,-150,30,18,0,0,0,0,10,6
458,-150,30,18,0,10,0,0,10,6
459,-150,30,18,0,20,0,0,10,6
460,-150,30,18,0,30,0,0,10,6
461,-135,0,18,0,-30,0,0,10,6
462,-135,0,18,0,-20,0,0,10,6
463,-135,0,18,0,-10,0,0,10,6
464,-135,0,18,0,0,0,0,10,6
465,-135,0,18,0,10,0,0,10,6
466,-135,0,18,0,20,0,0,10,6
467,-135,0,18,0,30,0,0,10,6
468,-90,0,18,0,-30,0,0,10,6
469,-90,0,18,0,-20,0,0,10,6
470,-90,0,18,0,-10,0,0,10,6
471,-90,0,18,0,0,0,0,10,6
472,-90,0,18,0,10,0,0,10,6
473,-90,0,18,0,20,0,0,10,6
474,-90,0,18,0,30,0,0,10,6
475,-60,-45,18,0,-30,0,0,10,6
476,-60,-45,18,0,-20,0,0,10,6
477,-60,-45,18,0,-10,0,0,10,6
478,-60,-45,18,0,0,0,0,10,6
479,-60,-45,18,0,10,0,0,10,6
480,-60,-45,18,0,20,0,0,10,6
481,-60,-45,18,0,30,0,0,10,6
482,-60,0,18,0,-30,0,0,10,6
483,-60,0,18,0,-20,0,0,10,6
484,-60,0,18,0,-10,0,0,10,6
485,-60,0,18,0,0,0,0,10,6
486,-60,0,18,0,10,0,0,10,6
487,-60,0,18,0,20,0,0,10,6
488,-60,0,18,0,30,0,0,10,6
489,-60,45,18,0,-30,0,0,10,6
490,-60,45,18,0,-20,0,0,10,6
491,-60,45,18,0,-10,0,0,10,6
492,-60,45,18,0,0,0,0,10,6
493,-60,45,18,0,10,0,0,10,6
494,-60,45,18,0,20,0,0,10,6
495,-60,45,18,0,30,0,0,10,6
496,-45,-60,18,0,-30,0,0,10,6
497,-45,-60,18,0,-20,0,0,10,6
498,-45,-60,18,0,-10,0,0,10,6
499,-45,-60,18,0,0,0,0,10,6
500,-45,-60,18,0,10,0,0,10,6
501,-45,-60,18,0,20,0,0,10,6
502,-45,-60,18,0,30,0,0,10,6
503,-45,-30,18,0,-30,0,0,10,6
504,-45,-30,18,0,-20,0,0,10,6
505,-45,-30,18,0,-10,0,0,10,6
506,-45,-30,18,0,0,0,0,10,6
507,-45,-30,18,0,10,0,0,10,6
508,-45,-30,18,0,20,0,0,10,6
509,-45,-30,18,0,30,0,0,10,6
510,-45,0,18,0,-30,0,0,10,6
511,-45,0,18,0,-20,0,0,10,6
512,-45,0,18,0,-10,0,0,10,6
513,-45,0,18,0,0,0,0,10,6
514,-45,0,18,0,10,0,0,10,6
515,-45,0,18,0,20,0,0,10,6
516,-45,0,18,0,30,0,0,10,6
517,-45,30,18,0,-30,0,0,10,6
518,-45,30,18,0,-20,0,0,10,6
519,-45,30,18,0,-10,0,0,10,6
520,-45,30,18,0,0,0,0,10,6
521,-45,30,18,0,10,0,0,10,6
522,-45,30,18,0,20,0,0,10,6
523,-45,30,18,0,30,0,0,10,6
524,-45,60,18,0,-30,0,0,10,6
525,-45,60,18,0,-20,0,0,10,6
526,-45,60,18,0,-10,0,0,10,6
527,-45,60,18,0,0,0,0,10,6
528,-45,60,18,0,10,0,0,10,6
529,-45,60,18,0,20,0,0,10,6
530,-45,60,18,0,30,0,0,10,6
531,-30,-90,18,0,-30,0,0,10,6
532,-30,-90,18,0,-20,0,0,10,6
533,-30,-90,18,0,-10,0,0,10,6
534,-30,-90,18,0,0,0,0,10,6
535,-30,-90,18,0,10,0,0,10,6
536,-30,-90,18,0,20,0,0,10,6
537,-30,-90,18,0,30,0,0,10,6
538,-30,-60,18,0,-30,0,0,10,6
539,-30,-60,18,0,-20,0,0,10,6
540,-30,-60,18,0,-10,0,0,10,6
541,-30,-60,18,0,0,0,0,10,6
542,-30,-60,18,0,10,0,0,10,6
543,-30,-60,18,0,20,0,0,10,6
544,-30,-60,18,0,30,0,0,10,6
545,-30,-30,18,0,-30,0,0,10,6
546,-30,-30,18,0,-20,0,0,10,6
547,-30,-30,18,0,-10,0,0,10,6
548,-30,-30,18,0,0,0,0,10,6
549,-30,-30,18,0,10,0,0,10,6
550,-30,-30,18,0,20,0,0,10,6
551,-30,-30,18,0,30,0,0,10,6
552,-30,0,18,0,-30,0,0,10,6
553,-30,0,18,0,-20,0,0,10,6
554,-30,0,18,0,-10,0,0,10,6
555,-30,0,18,0,0,0,0,10,6
556,-30,0,18,0,10,0,0,10,6
557,-30,0,18,0,20,0,0,10,6
558,-30,0,18,0,30,0,0,10,6
559,-30,30,18,0,-30,0,0,10,6
560,-30,30,18,0,-20,0,0,10,6
561,-30,30,18,0,-10,0,0,10,6
562,-30,30,18,0,0,0,0,10,6
563,-30,30,18,0,10,0,0,10,6
564,-30,30,18,0,20,0,0,10,6
565,-30,30,18,0,30,0,0,10,6
566,-30,60,18,0,-30,0,0,10,6
567,-30,60,18,0,-20,0,0,10,6
568,-30,60,18,0,-10,0,0,10,6
569,-30,60,18,0,0,0,0,10,6
570,-30,60,18,0,10,0,0,10,6
571,-30,60,18,0,20,0,0,10,6
572,-30,60,18,0,30,0,0,10,6
573,-30,90,18,0,-30,0,0,10,6
574,-30,90,18,0,-20,0,0,10,6
575,-30,90,18,0,-10,0,0,10,6
576,-30,90,18,0,0,0,0,10,6
577,-30,90,18,0,10,0,0,10,6
578,-30,90,18,0,20,0,0,10,6
579,-30,90,18,0,30,0,0,10,6
580,-15,-75,18,0,-30,0,0,10,6
581,-15,-75,18,0,-20,0,0,10,6
582,-15,-75,18,0,-10,0,0,10,6
583,-15,-75,18,0,0,0,0,10,6
584,-15,-75,18,0,10,0,0,10,6
585,-15,-75,18,0,20,0,0,10,6
586,-15,-75,18,0,30,0,0,10,6
587,-15,-45,18,0,-30,0,0,10,6
588,-15,-45,18,0,-20,0,0,10,6
589,-15,-45,18,0,-10,0,0,10,6
590,-15,-45,18,0,0,0,0,10,6
591,-15,-45,18,0,10,0,0,10,6
592,-15,-45,18,0,20,0,0,10,6
593,-15,-45,18,0,30,0,0,10,6
594,-15,-15,18,0,-30,0,0,10,6
595,-15,-15,18,0,-20,0,0,10,6
596,-15,-15,18,0,-10,0,0,10,6
597,-15,-15,18,0,0,0,0,10,6
598,-15,-15,18,0,10,0,0,10,6
599,-15,-15,18,0,20,0,0,10,6
600,-15,-15,18,0,30,0,0,10,6
601,-15,15,18,0,-30,0,0,10,6
602,-15,15,18,0,-20,0,0,10,6
603,-15,15,18,0,-10,0,0,10,6
604,-15,15,18,0,0,0,0,10,6
605,-15,15,18,0,10,0,0,10,6
606,-15,15,18,0,20,0,0,10,6
607,-15,15,18,0,30,0,0,10,6
608,-15,45,18,0,-30,0,0,10,6
609,-15,45,18,0,-20,0,0,10,6
610,-15,45,18,0,-10,0,0,10,6
611,-15,45,18,0,0,0,0,10,6
612,-15,45,18,0,10,0,0,10,6
613,-15,45,18,0,20,0,0,10,6
614,0,-90,0,0,0,0,0,10,6
615,0,-75,0,0,0,0,0,10,6
616,0,-60,0,0,0,0,0,10,6
617,0,-45,0,0,0,0,0,10,6
618,0,-30,0,0,0,0,0,10,6
619,0,-15,0,0,0,0,0,10,6
620,0,0,0,0,0,0,0,10,6
621,0,15,0,0,0,0,0,10,6
622,0,30,0,0,0,0,0,10,6
623,0,45,0,0,0,0,0,10,6
624,0,60,0,0,0,0,0,10,6
625,0,75,0,0,0,0,0,10,6
626,0,90,0,0,0,0,0,10,6
627,-15,45,18,0,30,0,0,10,6
628,-15,75,18,0,-30,0,0,10,6
629,-15,75,18,0,-20,0,0,10,6
630,-15,75,18,0,-10,0,0,10,6
631,-15,75,18,0,0,0,0,10,6
632,-15,75,18,0,10,0,0,10,6
633,-15,75,18,0,20,0,0,10,6
634,-15,75,18,0,30,0,0,10,6
635,0,-90,18,0,-30,0,0,10,6
636,0,-90,18,0,-20,0,0,10,6
637,0,-90,18,0,-10,0,0,10,6
638,0,-90,18,0,0,0,0,10,6
639,0,-90,18,0,10,0,0,10,6
640,0,-90,18,0,20,0,0,10,6
641,0,-90,18,0,30,0,0,10,6
642,0,-60,18,0,-30,0,0,10,6
643,0,-60,18,0,-20,0,0,10,6
644,0,-60,18,0,-10,0,0,10,6
645,0,-60,18,0,0,0,0,10,6
646,0,-60,18,0,10,0,0,10,6
647,0,-60,18,0,20,0,0,10,6
648,0,-60,18,0,30,0,0,10,6
649,0,-30,18,0,-30,0,0,10,6
650,0,-30,18,0,-20,0,0,10,6
651,0,-30,18,0,-10,0,0,10,6
652,0,-30,18,0,0,0,0,10,6
653,0,-30,18,0,10,0,0,10,6
654,0,-30,18,0,20,0,0,10,6
655,0,-30,18,0,30,0,0,10,6
656,0,0,18,0,-30,0,0,10,6
657,0,0,18,0,-20,0,0,10,6
658,0,0,18,0,-10,0,0,10,6
659,0,0,18,0,0,0,0,10,6
660,0,0,18,0,10,0,0,10,6
661,0,0,18,0,20,0,0,10,6
662,0,0,18,0,30,0,0,10,6
663,0,30,18,0,-30,0,0,10,6
664,0,30,18,0,-20,0,0,10,6
665,0,30,18,0,-10,0,0,10,6
666,0,30,18,0,0,0,0,10,6
667,0,30,18,0,10,0,0,10,6
668,0,30,18,0,20,0,0,10,6
669,0,30,18,0,30,0,0,10,6
670,0,60,18,0,-30,0,0,10,6
671,0,60,18,0,-20,0,0,10,6
672,0,60,18,0,-10,0,0,10,6
673,0,60,18,0,0,0,0,10,6
674,0,60,18,0,10,0,0,10,6
675,0,60,18,0,20,0,0,10,6
676,0,60,18,0,30,0,0,10,6
677,0,90,18,0,-30,0,0,10,6
678,0,90,18,0,-20,0,0,10,6
679,0,90,18,0,-10,0,0,10,6
680,0,90,18,0,0,0,0,10,6
681,0,90,18,0,10,0,0,10,6
682,0,90,18,0,20,0,0,10,6
683,0,90,18,0,30,0,0,10,6
684,15,-75,18,0,-30,0,0,10,6
685,15,-75,18,0,-20,0,0,10,6
686,15,-75,18,0,-10,0,0,10,6
687,15,-75,18,0,0,0,0,10,6
688,15,-75,18,0,10,0,0,10,6
689,15,-75,18,0,20,0,0,10,6
690,15,-75,18,0,30,0,0,10,6
691,15,-45,18,0,-30,0,0,10,6
692,15,-45,18,0,-20,0,0,10,6
693,15,-45,18,0,-10,0,0,10,6
694,15,-45,18,0,0,0,0,10,6
695,15,-45,18,0,10,0,0,10,6
696,15,-45,18,0,20,0,0,10,6
697,15,-45,18,0,30,0,0,10,6
698,15,-15,18,0,-30,0,0,10,6
699,15,-15,18,0,-20,0,0,10,6
700,15,-15,18,0,-10,0,0,10,6
701,15,-15,18,0,0,0,0,10,6
702,15,-15,18,0,10,0,0,10,6
703,15,-15,18,0,20,0,0,10,6
704,15,-15,18,0,30,0,0,10,6
705,15,15,18,0,-30,0,0,10,6
706,15,15,18,0,-20,0,0,10,6
707,15,15,18,0,-10,0,0,10,6
708,15,15,18,0,0,0,0,10,6
709,15,15,18,0,10,0,0,10,6
710,15,15,18,0,20,0,0,10,6
711,15,15,18,0,30,0,0,10,6
712,15,45,18,0,-30,0,0,10,6
713,15,45,18,0,-20,0,0,10,6
714,15,45,18,0,-10,0,0,10,6
715,15,45,18,0,0,0,0,10,6
716,15,45,18,0,10,0,0,10,6
717,15,45,18,0,20,0,0,10,6
718,15,45,18,0,30,0,0,10,6
719,15,75,18,0,-30,0,0,10,6
720,15,75,18,0,-20,0,0,10,6
721,15,75,18,0,-10,0,0,10,6
722,15,75,18,0,0,0,0,10,6
723,15,75,18,0,10,0,0,10,6
724,15,75,18,0,20,0,0,10,6
725,15,75,18,0,30,0,0,10,6
726,30,-90,18,0,-30,0,0,10,6
727,30,-90,18,0,-20,0,0,10,6
728,30,-90,18,0,-10,0,0,10,6
729,30,-90,18,0,0,0,0,10,6
730,30,-90,18,0,10,0,0,10,6
731,30,-90,18,0,20,0,0,10,6
732,30,-90,18,0,30,0,0,10,6
733,30,-60,18,0,-30,0,0,10,6
734,30,-60,18,0,-20,0,0,10,6
735,30,-60,18,0,-10,0,0,10,6
736,30,-60,18,0,0,0,0,10,6
737,30,-60,18,0,10,0,0,10,6
738,30,-60,18,0,20,0,0,10,6
739,30,-60,18,0,30,0,0,10,6
740,30,-30,18,0,-30,0,0,10,6
741,30,-30,18,0,-20,0,0,10,6
742,30,-30,18,0,-10,0,0,10,6
743,30,-30,18,0,0,0,0,10,6
744,30,-30,18,0,10,0,0,10,6
745,30,-30,18,0,20,0,0,10,6
746,30,-30,18,0,30,0,0,10,6
747,30,0,18,0,-30,0,0,10,6
748,30,0,18,0,-20,0,0,10,6
749,30,0,18,0,-10,0,0,10,6
750,30,0,18,0,0,0,0,10,6
751,30,0,18,0,10,0,0,10,6
752,30,0,18,0,20,0,0,10,6
753,30,0,18,0,30,0,0,10,6
754,30,30,18,0,-30,0,0,10,6
755,30,30,18,0,-20,0,0,10,6
756,30,30,18,0,-10,0,0,10,6
757,30,30,18,0,0,0,0,10,6
758,30,30,18,0,10,0,0,10,6
759,30,30,18,0,20,0,0,10,6
760,30,30,18,0,30,0,0,10,6
761,30,60,18,0,-30,0,0,10,6
762,30,60,18,0,-20,0,0,10,6
763,30,60,18,0,-10,0,0,10,6
764,30,60,18,0,0,0,0,10,6
765,30,60,18,0,10,0,0,10,6
766,30,60,18,0,20,0,0,10,6
767,30,60,18,0,30,0,0,10,6
768,30,90,18,0,-30,0,0,10,6
769,30,90,18,0,-20,0,0,10,6
770,30,90,18,0,-10,0,0,10,6
771,30,90,18,0,0,0,0,10,6
772,30,90,18,0,10,0,0,10,6
773,30,90,18,0,20,0,0,10,6
774,30,90,18,0,30,0,0,10,6
775,45,-60,18,0,-30,0,0,10,6
776,45,-60,18,0,-20,0,0,10,6
777,45,-60,18,0,-10,0,0,10,6
778,45,-60,18,0,0,0,0,10,6
779,45,-60,18,0,10,0,0,10,6
780,45,-60,18,0,20,0,0,10,6
781,45,-60,18,0,30,0,0,10,6
782,45,-30,18,0,-30,0,0,10,6
783,45,-30,18,0,-20,0,0,10,6
784,45,-30,18,0,-10,0,0,10,6
785,45,-30,18,0,0,0,0,10,6
786,45,-30,18,0,10,0,0,10,6
787,45,-30,18,0,20,0,0,10,6
788,45,-30,18,0,30,0,0,10,6
789,45,0,18,0,-30,0,0,10,6
790,45,0,18,0,-20,0,0,10,6
791,45,0,18,0,-10,0,0,10,6
792,45,0,18,0,0,0,0,10,6
793,45,0,18,0,10,0,0,10,6
794,45,0,18,0,20,0,0,10,6
795,45,0,18,0,30,0,0,10,6
796,45,30,18,0,-30,0,0,10,6
797,45,30,18,0,-20,0,0,10,6
798,45,30,18,0,-10,0,0,10,6
799,45,30,18,0,0,0,0,10,6
800,45,30,18,0,10,0,0,10,6
801,45,30,18,0,20,0,0,10,6
802,45,30,18,0,30,0,0,10,6
803,45,60,18,0,-30,0,0,10,6
804,45,60,18,0,-20,0,0,10,6
805,45,60,18,0,-10,0,0,10,6
806,45,60,18,0,0,0,0,10,6
807,45,60,18,0,10,0,0,10,6
808,45,60,18,0,20,0,0,10,6
809,45,60,18,0,30,0,0,10,6
810,60,-45,18,0,-30,0,0,10,6
811,60,-45,18,0,-20,0,0,10,6
812,60,-45,18,0,-10,0,0,10,6
813,60,-45,18,0,0,0,0,10,6
814,60,-45,18,0,10,0,0,10,6
815,60,-45,18,0,20,0,0,10,6
816,60,-45,18,0,30,0,0,10,6
817,60,0,18,0,-30,0,0,10,6
818,60,0,18,0,-20,0,0,10,6
819,60,0,18,0,-10,0,0,10,6
820,60,0,18,0,0,0,0,10,6
821,60,0,18,0,10,0,0,10,6
822,60,0,18,0,20,0,0,10,6
823,60,0,18,0,30,0,0,10,6
824,60,45,18,0,-30,0,0,10,6
825,60,45,18,0,-20,0,0,10,6
826,60,45,18,0,-10,0,0,10,6
827,60,45,18,0,0,0,0,10,6
828,60,45,18,0,10,0,0,10,6
829,60,45,18,0,20,0,0,10,6
830,60,45,18,0,30,0,0,10,6
831,90,0,18,0,-30,0,0,10,6
832,90,0,18,0,-20,0,0,10,6
833,90,0,18,0,-10,0,0,10,6
834,90,0,18,0,0,0,0,10,6
835,90,0,18,0,10,0,0,10,6
836,90,0,18,0,20,0,0,10,6
837,90,0,18,0,30,0,0,10,6
838,135,0,18,0,-30,0,0,10,6
839,135,0,18,0,-20,0,0,10,6
840,135,0,18,0,-10,0,0,10,6
841,135,0,18,0,0,0,0,10,6
842,135,0,18,0,10,0,0,10,6
843,135,0,18,0,20,0,0,10,6
844,135,0,18,0,30,0,0,10,6
845,150,-30,18,0,-30,0,0,10,6
846,150,-30,18,0,-20,0,0,10,6
847,150,-30,18,0,-10,0,0,10,6
848,150,-30,18,0,0,0,0,10,6
849,150,-30,18,0,10,0,0,10,6
850,150,-30,18,0,20,0,0,10,6
851,150,-30,18,0,30,0,0,10,6
852,150,30,18,0,-30,0,0,10,6
853,150,30,18,0,-20,0,0,10,6
854,150,30,18,0,-10,0,0,10,6
855,150,30,18,0,0,0,0,10,6
856,150,30,18,0,10,0,0,10,6
857,150,30,18,0,20,0,0,10,6
858,150,30,18,0,30,0,0,10,6
859,180,-45,18,0,-30,0,0,10,6
860,180,-45,18,0,-20,0,0,10,6
861,180,-45,18,0,-10,0,0,10,6
862,180,-45,18,0,0,0,0,10,6
863,180,-45,18,0,10,0,0,10,6
864,180,-45,18,0,20,0,0,10,6
865,180,-45,18,0,30,0,0,10,6
866,180,0,18,0,-30,0,0,10,6
867,180,0,18,0,-20,0,0,10,6
868,180,0,18,0,-10,0,0,10,6
869,180,0,18,0,0,0,0,10,6
870,180,0,18,0,10,0,0,10,6
871,180,0,18,0,20,0,0,10,6
872,180,0,18,0,30,0,0,10,6
873,180,45,18,0,-30,0,0,10,6
874,180,45,18,0,-20,0,0,10,6
875,180,45,18,0,-10,0,0,10,6
876,180,45,18,0,0,0,0,10,6
877,180,45,18,0,10,0,0,10,6
878,180,45,18,0,20,0,0,10,6
879,180,45,18,0,30,0,0,10,6
880,-165,-30,24,0,-30,0,0,10,6
881,-165,-30,24,0,-20,0,0,10,6
882,-165,-30,24,0,-10,0,0,10,6
883,-165,-30,24,0,0,0,0,10,6
884,-165,-30,24,0,10,0,0,10,6
885,-165,-30,24,0,20,0,0,10,6
886,-165,-30,24,0,30,0,0,10,6
887,-165,30,24,0,-30,0,0,10,6
888,-165,30,24,0,-20,0,0,10,6
889,-165,30,24,0,-10,0,0,10,6
890,-165,30,24,0,0,0,0,10,6
891,-165,30,24,0,10,0,0,10,6
892,-165,30,24,0,20,0,0,10,6
893,-165,30,24,0,30,0,0,10,6
894,-150,-45,24,0,-30,0,0,10,6
895,-150,-45,24,0,-20,0,0,10,6
896,-150,-45,24,0,-10,0,0,10,6
897,-150,-45,24,0,0,0,0,10,6
898,-150,-45,24,0,10,0,0,10,6
899,-150,-45,24,0,20,0,0,10,6
900,-150,-45,24,0,30,0,0,10,6
901,-150,0,24,0,-30,0,0,10,6
902,-150,0,24,0,-20,0,0,10,6
903,-150,0,24,0,-10,0,0,10,6
904,-150,0,24,0,0,0,0,10,6
905,-150,0,24,0,10,0,0,10,6
906,-150,0,24,0,20,0,0,10,6
907,-150,0,24,0,30,0,0,10,6
908,-150,45,24,0,-30,0,0,10,6
909,-150,45,24,0,-20,0,0,10,6
910,-150,45,24,0,-10,0,0,10,6
911,-150,45,24,0,0,0,0,10,6
912,-150,45,24,0,10,0,0,10,6
913,-150,45,24,0,20,0,0,10,6
914,-150,45,24,0,30,0,0,10,6
915,-45,-60,24,0,-30,0,0,10,6
916,-45,-60,24,0,-20,0,0,10,6
917,-45,-60,24,0,-10,0,0,10,6
918,-45,-60,24,0,0,0,0,10,6
919,-45,-60,24,0,10,0,0,10,6
920,-45,-60,24,0,20,0,0,10,6
921,-45,-60,24,0,30,0,0,10,6
922,-45,-30,24,0,-30,0,0,10,6
923,-45,-30,24,0,-20,0,0,10,6
924,-45,-30,24,0,-10,0,0,10,6
925,-45,-30,24,0,0,0,0,10,6
926,-45,-30,24,0,10,0,0,10,6
927,0,-90,0,0,0,0,0,10,6
928,0,-75,0,0,0,0,0,10,6
929,0,-60,0,0,0,0,0,10,6
930,0,-45,0,0,0,0,0,10,6
931,0,-30,0,0,0,0,0,10,6
932,0,-15,0,0,0,0,0,10,6
933,0,0,0,0,0,0,0,10,6
934,0,15,0,0,0,0,0,10,6
935,0,30,0,0,0,0,0,10,6
936,0,45,0,0,0,0,0,10,6
937,0,60,0,0,0,0,0,10,6
938,0,75,0,0,0,0,0,10,6
939,0,90,0,0,0,0,0,10,6
940,-45,-30,24,0,20,0,0,10,6
941,-45,-30,24,0,30,0,0,10,6
942,-45,0,24,0,-30,0,0,10,6
943,-45,0,24,0,-20,0,0,10,6
944,-45,0,24,0,-10,0,0,10,6
945,-45,0,24,0,0,0,0,10,6
946,-45,0,24,0,10,0,0,10,6
947,-45,0,24,0,20,0,0,10,6
948,-45,0,24,0,30,0,0,10,6
949,-45,30,24,0,-30,0,0,10,6
950,-45,30,24,0,-20,0,0,10,6
951,-45,30,24,0,-10,0,0,10,6
952,-45,30,24,0,0,0,0,10,6
953,-45,30,24,0,10,0,0,10,6
954,-45,30,24,0,20,0,0,10,6
955,-45,30,24,0,30,0,0,10,6
956,-45,60,24,0,-30,0,0,10,6
957,-45,60,24,0,-20,0,0,10,6
958,-45,60,24,0,-10,0,0,10,6
959,-45,60,24,0,0,0,0,10,6
960,-45,60,24,0,10,0,0,10,6
961,-45,60,24,0,20,0,0,10,6
962,-45,60,24,0,30,0,0,10,6
963,-30,-90,24,0,-30,0,0,10,6
964,-30,-90,24,0,-20,0,0,10,6
965,-30,-90,24,0,-10,0,0,10,6
966,-30,-90,24,0,0,0,0,10,6
967,-30,-90,24,0,10,0,0,10,6
968,-30,-90,24,0,20,0,0,10,6
969,-30,-90,24,0,30,0,0,10,6
970,-30,-45,24,0,-30,0,0,10,6
971,-30,-45,24,0,-20,0,0,10,6
972,-30,-45,24,0,-10,0,0,10,6
973,-30,-45,24,0,0,0,0,10,6
974,-30,-45,24,0,10,0,0,10,6
975,-30,-45,24,0,20,0,0,10,6
976,-30,-45,24,0,30,0,0,10,6
977,-30,-15,24,0,-30,0,0,10,6
978,-30,-15,24,0,-20,0,0,10,6
979,-30,-15,24,0,-10,0,0,10,6
980,-30,-15,24,0,0,0,0,10,6
981,-30,-15,24,0,10,0,0,10,6
982,-30,-15,24,0,20,0,0,10,6
983,-30,-15,24,0,30,0,0,10,6
984,-30,15,24,0,-30,0,0,10,6
985,-30,15,24,0,-20,0,0,10,6
986,-30,15,24,0,-10,0,0,10,6
987,-30,15,24,0,0,0,0,10,6
988,-30,15,24,0,10,0,0,10,6
989,-30,15,24,0,20,0,0,10,6
990,-30,15,24,0,30,0,0,10,6
991,-30,45,24,0,-30,0,0,10,6
992,-30,45,24,0,-20,0,0,10,6
993,-30,45,24,0,-10,0,0,10,6
994,-30,45,24,0,0,0,0,10,6
995,-30,45,24,0,10,0,0,10,6
996,-30,45,24,0,20,0,0,10,6
997,-30,45,24,0,30,0,0,10,6
998,-30,90,24,0,-30,0,0,10,6
999,-30,90,24,0,-20,0,0,10,6
1000,-30,90,24,0,-10,0,0,10,6
1001,-30,90,24,0,0,0,0,10,6
1002,-30,90,24,0,10,0,0,10,6
1003,-30,90,24,0,20,0,0,10,6
1004,-30,90,24,0,30,0,0,10,6
1005,-15,-60,24,0,-30,0,0,10,6
1006,-15,-60,24,0,-20,0,0,10,6
1007,-15,-60,24,0,-10,0,0,10,6
1008,-15,-60,24,0,0,0,0,10,6
1009,-15,-60,24,0,10,0,0,10,6
1010,-15,-60,24,0,20,0,0,10,6
1011,-15,-60,24,0,30,0,0,10,6
1012,-15,-30,24,0,-30,0,0,10,6
1013,-15,-30,24,0,-20,0,0,10,6
1014,-15,-30,24,0,-10,0,0,10,6
1015,-15,-30,24,0,0,0,0,10,6
1016,-15,-30,24,0,10,0,0,10,6
1017,-15,-30,24,0,20,0,0,10,6
1018,-15,-30,24,0,30,0,0,10,6
1019,-15,0,24,0,-30,0,0,10,6
1020,-15,0,24,0,-20,0,0,10,6
1021,-15,0,24,0,-10,0,0,10,6
1022,-15,0,24,0,0,0,0,10,6
1023,-15,0,24,0,10,0,0,10,6
1024,-15,0,24,0,20,0,0,10,6
1025,-15,0,24,0,30,0,0,10,6
1026,-15,30,24,0,-30,0,0,10,6
1027,-15,30,24,0,-20,0,0,10,6
1028,-15,30,24,0,-10,0,0,10,6
1029,-15,30,24,0,0,0,0,10,6
1030,-15,30,24,0,10,0,0,10,6
1031,-15,30,24,0,20,0,0,10,6
1032,-15,30,24,0,30,0,0,10,6
1033,-15,60,24,0,-30,0,0,10,6
1034,-15,60,24,0,-20,0,0,10,6
1035,-15,60,24,0,-10,0,0,10,6
1036,-15,60,24,0,0,0,0,10,6
1037,-15,60,24,0,10,0,0,10,6
1038,-15,60,24,0,20,0,0,10,6
1039,-15,60,24,0,30,0,0,10,6
1040,0,-90,24,0,-30,0,0,10,6
1041,0,-90,24,0,-20,0,0,10,6
1042,0,-90,24,0,-10,0,0,10,6
1043,0,-90,24,0,0,0,0,10,6
1044,0,-90,24,0,10,0,0,10,6
1045,0,-90,24,0,20,0,0,10,6
1046,0,-90,24,0,30,0,0,10,6
1047,0,-75,24,0,-30,0,0,10,6
1048,0,-75,24,0,-20,0,0,10,6
1049,0,-75,24,0,-10,0,0,10,6
1050,0,-75,24,0,0,0,0,10,6
1051,0,-75,24,0,10,0,0,10,6
1052,0,-75,24,0,20,0,0,10,6
1053,0,-75,24,0,30,0,0,10,6
1054,0,-60,24,0,-30,0,0,10,6
1055,0,-60,24,0,-20,0,0,10,6
1056,0,-60,24,0,-10,0,0,10,6
1057,0,-60,24,0,0,0,0,10,6
1058,0,-60,24,0,10,0,0,10,6
1059,0,-60,24,0,20,0,0,10,6
1060,0,-60,24,0,30,0,0,10,6
1061,0,-45,24,0,-30,0,0,10,6
1062,0,-45,24,0,-20,0,0,10,6
1063,0,-45,24,0,-10,0,0,10,6
1064,0,-45,24,0,0,0,0,10,6
1065,0,-45,24,0,10,0,0,10,6
1066,0,-45,24,0,20,0,0,10,6
1067,0,-45,24,0,30,0,0,10,6
1068,0,-30,24,0,-30,0,0,10,6
1069,0,-30,24,0,-20,0,0,10,6
1070,0,-30,24,0,-10,0,0,10,6
1071,0,-30,24,0,0,0,0,10,6
1072,0,-30,24,0,10,0,0,10,6
1073,0,-30,24,0,20,0,0,10,6
1074,0,-30,24,0,30,0,0,10,6
1075,0,-15,24,0,-30,0,0,10,6
1076,0,-15,24,0,-20,0,0,10,6
1077,0,-15,24,0,-10,0,0,10,6
1078,0,-15,24,0,0,0,0,10,6
1079,0,-15,24,0,10,0,0,10,6
1080,0,-15,24,0,20,0,0,10,6
1081,0,-15,24,0,30,0,0,10,6
1082,0,0,24,0,-30,0,0,10,6
1083,0,0,24,0,-20,0,0,10,6
1084,0,0,24,0,-10,0,0,10,6
1085,0,0,24,0,0,0,0,10,6
1086,0,0,24,0,10,0,0,10,6
1087,0,0,24,0,20,0,0,10,6
1088,0,0,24,0,30,0,0,10,6
1089,0,15,24,0,-30,0,0,10,6
1090,0,15,24,0,-20,0,0,10,6
1091,0,15,24,0,-10,0,0,10,6
1092,0,15,24,0,0,0,0,10,6
1093,0,15,24,0,10,0,0,10,6
1094,0,15,24,0,20,0,0,10,6
1095,0,15,24,0,30,0,0,10,6
1096,0,30,24,0,-30,0,0,10,6
1097,0,30,24,0,-20,0,0,10,6
1098,0,30,24,0,-10,0,0,10,6
1099,0,30,24,0,0,0,0,10,6
1100,0,30,24,0,10,0,0,10,6
1101,0,30,24,0,20,0,0,10,6
1102,0,30,24,0,30,0,0,10,6
1103,0,45,24,0,-30,0,0,10,6
1104,0,45,24,0,-20,0,0,10,6
1105,0,45,24,0,-10,0,0,10,6
1106,0,45,24,0,0,0,0,10,6
1107,0,45,24,0,10,0,0,10,6
1108,0,45,24,0,20,0,0,10,6
1109,0,45,24,0,30,0,0,10,6
1110,0,60,24,0,-30,0,0,10,6
1111,0,60,24,0,-20,0,0,10,6
1112,0,60,24,0,-10,0,0,10,6
1113,0,60,24,0,0,0,0,10,6
1114,0,60,24,0,10,0,0,10,6
1115,0,60,24,0,20,0,0,10,6
1116,0,60,24,0,30,0,0,10,6
1117,0,75,24,0,-30,0,0,10,6
1118,0,75,24,0,-20,0,0,10,6
1119,0,75,24,0,-10,0,0,10,6
1120,0,75,24,0,0,0,0,10,6
1121,0,75,24,0,10,0,0,10,6
1122,0,75,24,0,20,0,0,10,6
1123,0,75,24,0,30,0,0,10,6
1124,0,90,24,0,-30,0,0,10,6
1125,0,90,24,0,-20,0,0,10,6
1126,0,90,24,0,-10,0,0,10,6
1127,0,90,24,0,0,0,0,10,6
1128,0,90,24,0,10,0,0,10,6
1129,0,90,24,0,20,0,0,10,6
1130,0,90,24,0,30,0,0,10,6
1131,15,-60,24,0,-30,0,0,10,6
1132,15,-60,24,0,-20,0,0,10,6
1133,15,-60,24,0,-10,0,0,10,6
1134,15,-60,24,0,0,0,0,10,6
1135,15,-60,24,0,10,0,0,10,6
1136,15,-60,24,0,20,0,0,10,6
1137,15,-60,24,0,30,0,0,10,6
1138,15,-30,24,0,-30,0,0,10,6
1139,15,-30,24,0,-20,0,0,10,6
1140,15,-30,24,0,-10,0,0,10,6
1141,15,-30,24,0,0,0,0,10,6
1142,15,-30,24,0,10,0,0,10,6
1143,15,-30,24,0,20,0,0,10,6
1144,15,-30,24,0,30,0,0,10,6
1145,15,0,24,0,-30,0,0,10,6
1146,15,0,24,0,-20,0,0,10,6
1147,15,0,24,0,-10,0,0,10,6
1148,15,0,24,0,0,0,0,10,6
1149,15,0,24,0,10,0,0,10,6
1150,15,0,24,0,20,0,0,10,6
1151,15,0,24,0,30,0,0,10,6
1152,15,30,24,0,-30,0,0,10,6
1153,15,30,24,0,-20,0,0,10,6
1154,15,30,24,0,-10,0,0,10,6
1155,15,30,24,0,0,0,0,10,6
1156,15,30,24,0,10,0,0,10,6
1157,15,30,24,0,20,0,0,10,6
1158,15,30,24,0,30,0,0,10,6
1159,15,60,24,0,-30,0,0,10,6
1160,15,60,24,0,-20,0,0,10,6
1161,15,60,24,0,-10,0,0,10,6
1162,15,60,24,0,0,0,0,10,6
1163,15,60,24,0,10,0,0,10,6
1164,15,60,24,0,20,0,0,10,6
1165,15,60,24,0,30,0,0,10,6
1166,30,-90,24,0,-30,0,0,10,6
1167,30,-90,24,0,-20,0,0,10,6
1168,30,-90,24,0,-10,0,0,10,6
1169,30,-90,24,0,0,0,0,10,6
1170,30,-90,24,0,10,0,0,10,6
1171,30,-90,24,0,20,0,0,10,6
1172,30,-90,24,0,30,0,0,10,6
1173,30,-45,24,0,-30,0,0,10,6
1174,30,-45,24,0,-20,0,0,10,6
1175,30,-45,24,0,-10,0,0,10,6
1176,30,-45,24,0,0,0,0,10,6
1177,30,-45,24,0,10,0,0,10,6
1178,30,-45,24,0,20,0,0,10,6
1179,30,-45,24,0,30,0,0,10,6
1180,30,-15,24,0,-30,0,0,10,6
1181,30,-15,24,0,-20,0,0,10,6
1182,30,-15,24,0,-10,0,0,10,6
1183,30,-15,24,0,0,0,0,10,6
1184,30,-15,24,0,10,0,0,10,6
1185,30,-15,24,0,20,0,0,10,6
1186,30,-15,24,0,30,0,0,10,6
1187,30,15,24,0,-30,0,0,10,6
1188,30,15,24,0,-20,0,0,10,6
1189,30,15,24,0,-10,0,0,10,6
1190,30,15,24,0,0,0,0,10,6
1191,30,15,24,0,10,0,0,10,6
1192,30,15,24,0,20,0,0,10,6
1193,30,15,24,0,30,0,0,10,6
1194,30,45,24,0,-30,0,0,10,6
1195,30,45,24,0,-20,0,0,10,6
1196,30,45,24,0,-10,0,0,10,6
1197,30,45,24,0,0,0,0,10,6
1198,30,45,24,0,10,0,0,10,6
1199,30,45,24,0,20,0,0,10,6
1200,30,45,24,0,30,0,0,10,6
1201,30,90,24,0,-30,0,0,10,6
1202,30,90,24,0,-20,0,0,10,6
1203,30,90,24,0,-10,0,0,10,6
1204,30,90,24,0,0,0,0,10,6
1205,30,90,24,0,10,0,0,10,6
1206,30,90,24,0,20,0,0,10,6
1207,30,90,24,0,30,0,0,10,6
1208,45,-60,24,0,-30,0,0,10,6
1209,45,-60,24,0,-20,0,0,10,6
1210,45,-60,24,0,-10,0,0,10,6
1211,45,-60,24,0,0,0,0,10,6
1212,45,-60,24,0,10,0,0,10,6
1213,45,-60,24,0,20,0,0,10,6
1214,45,-60,24,0,30,0,0,10,6
1215,45,-30,24,0,-30,0,0,10,6
1216,45,-30,24,0,-20,0,0,10,6
1217,45,-30,24,0,-10,0,0,10,6
1218,45,-30,24,0,0,0,0,10,6
1219,45,-30,24,0,10,0,0,10,6
1220,45,-30,24,0,20,0,0,10,6
1221,45,-30,24,0,30,0,0,10,6
1222,45,0,24,0,-30,0,0,10,6
1223,45,0,24,0,-20,0,0,10,6
1224,45,0,24,0,-10,0,0,10,6
1225,45,0,24,0,0,0,0,10,6
1226,45,0,24,0,10,0,0,10,6
1227,45,0,24,0,20,0,0,10,6
1228,45,0,24,0,30,0,0,10,6
1229,45,30,24,0,-30,0,0,10,6
1230,45,30,24,0,-20,0,0,10,6
1231,45,30,24,0,-10,0,0,10,6
1232,45,30,24,0,0,0,0,10,6
1233,45,30,24,0,10,0,0,10,6
1234,45,30,24,0,20,0,0,10,6
1235,45,30,24,0,30,0,0,10,6
1236,45,60,24,0,-30,0,0,10,6
1237,45,60,24,0,-20,0,0,10,6
1238,45,60,24,0,-10,0,0,10,6
1239,45,60,24,0,0,0,0,10,6
1240,0,-90,0,0,0,0,0,10,6
1241,0,-75,0,0,0,0,0,10,6
1242,0,-60,0,0,0,0,0,10,6
1243,0,-45,0,0,0,0,0,10,6
1244,0,-30,0,0,0,0,0,10,6
1245,0,-15,0,0,0,0,0,10,6
1246,0,0,0,0,0,0,0,10,6
1247,0,15,0,0,0,0,0,10,6
1248,0,30,0,0,0,0,0,10,6
1249,0,45,0,0,0,0,0,10,6
1250,0,60,0,0,0,0,0,10,6
1251,0,75,0,0,0,0,0,10,6
1252,0,90,0,0,0,0,0,10,6
1253,45,60,24,0,10,0,0,10,6
1254,45,60,24,0,20,0,0,10,6
1255,45,60,24,0,30,0,0,10,6
1256,150,-45,24,0,-30,0,0,10,6
1257,150,-45,24,0,-20,0,0,10,6
1258,150,-45,24,0,-10,0,0,10,6
1259,150,-45,24,0,0,0,0,10,6
1260,150,-45,24,0,10,0,0,10,6
1261,150,-45,24,0,20,0,0,10,6
1262,150,-45,24,0,30,0,0,10,6
1263,150,0,24,0,-30,0,0,10,6
1264,150,0,24,0,-20,0,0,10,6
1265,150,0,24,0,-10,0,0,10,6
1266,150,0,24,0,0,0,0,10,6
1267,150,0,24,0,10,0,0,10,6
1268,150,0,24,0,20,0,0,10,6
1269,150,0,24,0,30,0,0,10,6
1270,150,45,24,0,-30,0,0,10,6
1271,150,45,24,0,-20,0,0,10,6
1272,150,45,24,0,-10,0,0,10,6
1273,150,45,24,0,0,0,0,10,6
1274,150,45,24,0,10,0,0,10,6
1275,150,45,24,0,20,0,0,10,6
1276,150,45,24,0,30,0,0,10,6
1277,165,-30,24,0,-30,0,0,10,6
1278,165,-30,24,0,-20,0,0,10,6
1279,165,-30,24,0,-10,0,0,10,6
1280,165,-30,24,0,0,0,0,10,6
1281,165,-30,24,0,10,0,0,10,6
1282,165,-30,24,0,20,0,0,10,6
1283,165,-30,24,0,30,0,0,10,6
1284,165,30,24,0,-30,0,0,10,6
1285,165,30,24,0,-20,0,0,10,6
1286,165,30,24,0,-10,0,0,10,6
1287,165,30,24,0,0,0,0,10,6
1288,165,30,24,0,10,0,0,10,6
1289,165,30,24,0,20,0,0,10,6
1290,165,30,24,0,30,0,0,10,6
1291,180,-45,24,0,-30,0,0,10,6
1292,180,-45,24,0,-20,0,0,10,6
1293,180,-45,24,0,-10,0,0,10,6
1294,180,-45,24,0,0,0,0,10,6
1295,180,-45,24,0,10,0,0,10,6
1296,180,-45,24,0,20,0,0,10,6
1297,180,-45,24,0,30,0,0,10,6
1298,180,0,24,0,-30,0,0,10,6
1299,180,0,24,0,-20,0,0,10,6
1300,180,0,24,0,-10,0,0,10,6
1301,180,0,24,0,0,0,0,10,6
1302,180,0,24,0,10,0,0,10,6
1303,180,0,24,0,20,0,0,10,6
1304,180,0,24,0,30,0,0,10,6
1305,180,45,24,0,-30,0,0,10,6
1306,180,45,24,0,-20,0,0,10,6
1307,180,45,24,0,-10,0,0,10,6
1308,180,45,24,0,0,0,0,10,6
1309,180,45,24,0,10,0,0,10,6
1310,180,45,24,0,20,0,0,10,6
1311,180,45,24,0,30,0,0,10,6
